Whistler,˙Studio Condo Whistler Village 223,Departamento entero,"$1,086",Bill,398 evaluaciones,5,"['2 huéspedes', 'estudio', '1 cama', '1 baño', '\U000f0004\n5056 evaluaciones', '\U000f0019\nVerificado']",https://www.airbnb.mx/rooms/12071124?location=Whistler&previous_page_section_name=1000
Whistler,Studio Condo Upper Village Tranquility,Departamento entero,"$1,158",Bill,478 evaluaciones,5,"['4 huéspedes', 'estudio', '2 camas', '1 baño', '\U000f0004\n5056 evaluaciones', '\U000f0019\nVerificado']",https://www.airbnb.mx/rooms/7309668?location=Whistler&previous_page_section_name=1000
Whistler,˯Studio Condo Whistler Village 422,Departamento entero,"$1,158",Bill,,5,"['3 huéspedes', 'estudio', '2 camas', '1 baño', '\U000f0004\n5056 evaluaciones', '\U000f0019\nVerificado']",https://www.airbnb.mx/rooms/12310742?location=Whistler&previous_page_section_name=1000
Whistler,Peak View Penthouse,Loft entero,"$1,868",Jane & James,,5,"['4 huéspedes', '1 recámara', '1 cama', '1 baño', '\U000f0004\n159 evaluaciones', '\U000f0019\nVerificado']",https://www.airbnb.mx/rooms/13348663?location=Whistler&previous_page_section_name=1000
Whistler,1 BR Townhome with Private Hot Tub - FREE PARKING,Casa adosada completa,"$1,665",Ian,312 evaluaciones,4.5,"['4 huéspedes', '1 recámara', '2 camas', '1 baño', '\U000f0004\n768 evaluaciones', '\U000f0019\nVerificado']",https://www.airbnb.mx/rooms/2520507?location=Whistler&previous_page_section_name=1000
Whistler,Whistler Creekside Villa - single nights now open!,Departamento entero,"$1,144",Beth,338 evaluaciones,4.5,"['2 huéspedes', '1 recámara', '1 cama', '1 baño', '\U000f0004\n340 evaluaciones', '\U000f0019\nVerificado']",https://www.airbnb.mx/rooms/1295382?location=Whistler&previous_page_section_name=1000
Whistler,Newly updated condo at Blackcomb base,Condominio completo,"$1,448",Caroline,122 evaluaciones,4.5,"['4 huéspedes', '1 recámara', '1 cama', '1 baño', '\U000f0004\n247 evaluaciones', '\U000f0019\nVerificado']",https://www.airbnb.mx/rooms/13126268?location=Whistler&previous_page_section_name=1000
Whistler,·Hotel Room Upper Village Tranquility,Alojamiento entero,"$1,376",Bill,517 evaluaciones,5,"['2 huéspedes', '1 cama', '1 baño', '\U000f0004\n5056 evaluaciones', '\U000f0019\nVerificado']",https://www.airbnb.mx/rooms/7310283?location=Whistler&previous_page_section_name=1000
Whistler,Modern Mountain Studio in the Village,Departamento con servicios completo,"$1,868",Anya,134 evaluaciones,5,"['2 huéspedes', '1 recámara', '1 cama', '1 baño', '\U000f0004\n248 evaluaciones', '\U000f0019\nVerificado']",https://www.airbnb.mx/rooms/14438965?location=Whistler&previous_page_section_name=1000
Whistler,ˑEight People Upper Village Tranquility,Condominio completo,"$1,231",Bill,319 evaluaciones,5,"['8 huéspedes', '1 recámara', '4 camas', '2 baños', '\U000f0004\n5056 evaluaciones', '\U000f0019\nVerificado']",https://www.airbnb.mx/rooms/13335461?location=Whistler&previous_page_section_name=1000
Whistler,1 BR Townhouse with Private Hot Tub - FREE PARKING,Casa adosada completa,"$1,839",Ian,318 evaluaciones,4.5,"['5 huéspedes', '1 recámara', '3 camas', '1 baño', '\U000f0004\n768 evaluaciones', '\U000f0019\nVerificado']",https://www.airbnb.mx/rooms/4828768?location=Whistler&previous_page_section_name=1000
Whistler,˙Studio Condo Whistler Village 207,Departamento entero,"$1,520",Bill,286 evaluaciones,5,"['4 huéspedes', 'estudio', '2 camas', '1 baño', '\U000f0004\n5056 evaluaciones', '\U000f0019\nVerificado']",https://www.airbnb.mx/rooms/16041781?location=Whistler&previous_page_section_name=1000
Whistler,MAIN VILLAGE SQUARE = Super central location!,Departamento entero,"$1,665",Clare And Mike,306 evaluaciones,5,"['4 huéspedes', '1 recámara', '2 camas', '1 baño', '\U000f0004\n561 evaluaciones', '\U000f0019\nVerificado']",https://www.airbnb.mx/rooms/14900711?location=Whistler&previous_page_section_name=1000
Whistler,"True Ski-in Ski-out, Studio, Greystone Lodge",Condominio completo,$999,Lily,97 evaluaciones,4.5,"['2 huéspedes', 'estudio', '2 camas', '1 baño', '\U000f0004\n221 evaluaciones', '\U000f0019\nVerificado']",https://www.airbnb.mx/rooms/21255689?location=Whistler&previous_page_section_name=1000
Whistler,Symphony Studio in Whistler Village,Departamento entero,"$1,737",Musubi,198 evaluaciones,5,"['4 huéspedes', 'estudio', '2 camas', '1 baño', '\U000f0004\n198 evaluaciones', '\U000f0019\nVerificado']",https://www.airbnb.mx/rooms/18074253?location=Whistler&previous_page_section_name=1000
Whistler,Ski in/out Stylish condo with pool/hot tub & views,Departamento entero,"$1,289",Annika,203 evaluaciones,5,"['4 huéspedes', '1 recámara', '2 camas', '1 baño', '\U000f0004\n342 evaluaciones', '\U000f0019\nVerificado']",https://www.airbnb.mx/rooms/4249398?location=Whistler&previous_page_section_name=1000
Whistler,Minimalist Vibe with Amazing Mountain Views,Departamento con servicios completo,"$1,868",Victoria And Christian,337 evaluaciones,5,"['4 huéspedes', '1 recámara', '1 cama', '1 baño', '\U000f0004\n1177 evaluaciones', '\U000f0019\nVerificado']",https://www.airbnb.mx/rooms/13283018?location=Whistler&previous_page_section_name=1000
Whistler,Cozy Whistler Village Studio,Condominio completo,"$1,433",Tim And Andrea,312 evaluaciones,5,"['4 huéspedes', 'estudio', '2 camas', '1 baño', '\U000f0004\n475 evaluaciones', '\U000f0019\nVerificado']",https://www.airbnb.mx/rooms/4269069?location=Whistler&previous_page_section_name=1000
