Whistler,˙Studio Condo Whistler Village 223,Departamento entero,"$1,087",Bill,400 evaluaciones,5,"['2 huéspedes', 'estudio', '1 cama', '1 baño', '\U000f0004\n5066 evaluaciones', '\U000f0019\nVerificado']",https://www.airbnb.mx/rooms/12071124?location=Whistler&previous_page_section_name=1000
Whistler,Studio Condo Upper Village Tranquility,Departamento entero,"$1,159",Bill,478 evaluaciones,5,"['4 huéspedes', 'estudio', '2 camas', '1 baño', '\U000f0004\n5066 evaluaciones', '\U000f0019\nVerificado']",https://www.airbnb.mx/rooms/7309668?location=Whistler&previous_page_section_name=1000
Whistler,1 BR Townhome with Private Hot Tub - FREE PARKING,Casa adosada completa,"$1,666",Ian,313 evaluaciones,4.5,"['4 huéspedes', '1 recámara', '2 camas', '1 baño', '\U000f0004\n771 evaluaciones', '\U000f0019\nVerificado']",https://www.airbnb.mx/rooms/2520507?location=Whistler&previous_page_section_name=1000
Whistler,˙Studio Condo Whistler Village 201,Condominio completo,"$1,159",Bill,144 evaluaciones,5,"['3 huéspedes', 'estudio', '2 camas', '1 baño', '\U000f0004\n5066 evaluaciones', '\U000f0019\nVerificado']",https://www.airbnb.mx/rooms/22196091?location=Whistler&previous_page_section_name=1000
Whistler,˙Studio Condo Whistler Village 207,Departamento entero,"$1,232",Bill,287 evaluaciones,5,"['4 huéspedes', 'estudio', '2 camas', '1 baño', '\U000f0004\n5066 evaluaciones', '\U000f0019\nVerificado']",https://www.airbnb.mx/rooms/16041781?location=Whistler&previous_page_section_name=1000
Whistler,Peak View Penthouse,Loft entero,"$1,869",Jane & James,161 evaluaciones,5,"['4 huéspedes', '1 recámara', '1 cama', '1 baño', '\U000f0004\n161 evaluaciones', '\U000f0019\nVerificado']",https://www.airbnb.mx/rooms/13348663?location=Whistler&previous_page_section_name=1000
Whistler,1 BR Townhouse with Private Hot Tub - FREE PARKING,Casa adosada completa,"$1,840",Ian,319 evaluaciones,4.5,"['5 huéspedes', '1 recámara', '3 camas', '1 baño', '\U000f0004\n771 evaluaciones', '\U000f0019\nVerificado']",https://www.airbnb.mx/rooms/4828768?location=Whistler&previous_page_section_name=1000
Whistler,Modern Mountain Studio in the Village,Departamento con servicios completo,"$1,869",Anya,134 evaluaciones,5,"['2 huéspedes', '1 recámara', '1 cama', '1 baño', '\U000f0004\n248 evaluaciones', '\U000f0019\nVerificado']",https://www.airbnb.mx/rooms/14438965?location=Whistler&previous_page_section_name=1000
Whistler,⛰️ 1 Bdrm Modern Village Penthouse - view!,Departamento con servicios completo,"$2,449",Victoria And Christian,434 evaluaciones,5,"['4 huéspedes', '1 recámara', '2 camas', '1 baño', '\U000f0004\n1178 evaluaciones', '\U000f0019\nVerificado']",https://www.airbnb.mx/rooms/9670429?location=Whistler&previous_page_section_name=1000
Whistler,·Hotel Room Upper Village Tranquility,Alojamiento entero,"$1,377",Bill,517 evaluaciones,5,"['2 huéspedes', '1 cama', '1 baño', '\U000f0004\n5066 evaluaciones', '\U000f0019\nVerificado']",https://www.airbnb.mx/rooms/7310283?location=Whistler&previous_page_section_name=1000
Whistler,,Traducir,,,,,[],https://www.airbnb.mx/rooms/plus/10273331?location=Whistler&previous_page_section_name=1000
Whistler,ˑEight People Upper Village Tranquility,Condominio completo,"$1,232",Bill,320 evaluaciones,5,"['8 huéspedes', '1 recámara', '4 camas', '2 baños', '\U000f0004\n5066 evaluaciones', '\U000f0019\nVerificado']",https://www.airbnb.mx/rooms/13335461?location=Whistler&previous_page_section_name=1000
Whistler,Newly updated condo at Blackcomb base,Condominio completo,"$1,449",Caroline,122 evaluaciones,4.5,"['4 huéspedes', '1 recámara', '1 cama', '1 baño', '\U000f0004\n247 evaluaciones', '\U000f0019\nVerificado']",https://www.airbnb.mx/rooms/13126268?location=Whistler&previous_page_section_name=1000
Whistler,Symphony Studio in Whistler Village,Departamento entero,"$1,739",Musubi,198 evaluaciones,5,"['4 huéspedes', 'estudio', '2 camas', '1 baño', '\U000f0004\n198 evaluaciones', '\U000f0019\nVerificado']",https://www.airbnb.mx/rooms/18074253?location=Whistler&previous_page_section_name=1000
Whistler,Cozy Whistler Village Studio,Condominio completo,"$1,435",Tim And Andrea,312 evaluaciones,5,"['4 huéspedes', 'estudio', '2 camas', '1 baño', '\U000f0004\n475 evaluaciones', '\U000f0019\nVerificado']",https://www.airbnb.mx/rooms/4269069?location=Whistler&previous_page_section_name=1000
Whistler,Cozy studio on Main Street with hot tub and pool,Condominio completo,"$1,290",Jenny And Roman,212 evaluaciones,5,"['2 huéspedes', 'estudio', '1 cama', '1 baño', '\U000f0004\n547 evaluaciones', '\U000f1101\n1 Recomendación', '\U000f0019\nVerificado']",https://www.airbnb.mx/rooms/17942811?location=Whistler&previous_page_section_name=1000
Whistler,MAIN VILLAGE SQUARE = Super central location!,Departamento entero,"$1,724",Clare And Mike,307 evaluaciones,5,"['4 huéspedes', '1 recámara', '2 camas', '1 baño', '\U000f0004\n562 evaluaciones', '\U000f0019\nVerificado']",https://www.airbnb.mx/rooms/14900711?location=Whistler&previous_page_section_name=1000
Whistler,Whistler Creekside Villa - single nights now open!,Departamento entero,"$1,145",Beth,338 evaluaciones,4.5,"['2 huéspedes', '1 recámara', '1 cama', '1 baño', '\U000f0004\n340 evaluaciones', '\U000f0019\nVerificado']",https://www.airbnb.mx/rooms/1295382?location=Whistler&previous_page_section_name=1000
Whistler,˙Studio Condo Whistler Village 223,Departamento entero,"$1,087",Bill,400 evaluaciones,5,"['2 huéspedes', 'estudio', '1 cama', '1 baño', '\U000f0004\n5066 evaluaciones', '\U000f0019\nVerificado']",https://www.airbnb.mx/rooms/12071124?location=Whistler&previous_page_section_name=1000
Whistler,Studio Condo Upper Village Tranquility,Departamento entero,"$1,159",Bill,478 evaluaciones,5,"['4 huéspedes', 'estudio', '2 camas', '1 baño', '\U000f0004\n5066 evaluaciones', '\U000f0019\nVerificado']",https://www.airbnb.mx/rooms/7309668?location=Whistler&previous_page_section_name=1000
Whistler,1 BR Townhome with Private Hot Tub - FREE PARKING,Casa adosada completa,"$1,666",Ian,313 evaluaciones,4.5,"['4 huéspedes', '1 recámara', '2 camas', '1 baño', '\U000f0004\n771 evaluaciones', '\U000f0019\nVerificado']",https://www.airbnb.mx/rooms/2520507?location=Whistler&previous_page_section_name=1000
Whistler,˙Studio Condo Whistler Village 201,Condominio completo,"$1,159",Bill,144 evaluaciones,5,"['3 huéspedes', 'estudio', '2 camas', '1 baño', '\U000f0004\n5066 evaluaciones', '\U000f0019\nVerificado']",https://www.airbnb.mx/rooms/22196091?location=Whistler&previous_page_section_name=1000
Whistler,˙Studio Condo Whistler Village 207,Departamento entero,"$1,232",Bill,287 evaluaciones,5,"['4 huéspedes', 'estudio', '2 camas', '1 baño', '\U000f0004\n5066 evaluaciones', '\U000f0019\nVerificado']",https://www.airbnb.mx/rooms/16041781?location=Whistler&previous_page_section_name=1000
Whistler,Peak View Penthouse,Loft entero,"$1,869",Jane & James,161 evaluaciones,5,"['4 huéspedes', '1 recámara', '1 cama', '1 baño', '\U000f0004\n161 evaluaciones', '\U000f0019\nVerificado']",https://www.airbnb.mx/rooms/13348663?location=Whistler&previous_page_section_name=1000
Whistler,1 BR Townhouse with Private Hot Tub - FREE PARKING,Casa adosada completa,"$1,840",Ian,319 evaluaciones,4.5,"['5 huéspedes', '1 recámara', '3 camas', '1 baño', '\U000f0004\n771 evaluaciones', '\U000f0019\nVerificado']",https://www.airbnb.mx/rooms/4828768?location=Whistler&previous_page_section_name=1000
Whistler,Modern Mountain Studio in the Village,Departamento con servicios completo,"$1,869",Anya,134 evaluaciones,5,"['2 huéspedes', '1 recámara', '1 cama', '1 baño', '\U000f0004\n248 evaluaciones', '\U000f0019\nVerificado']",https://www.airbnb.mx/rooms/14438965?location=Whistler&previous_page_section_name=1000
Whistler,⛰️ 1 Bdrm Modern Village Penthouse - view!,Departamento con servicios completo,"$2,449",Victoria And Christian,434 evaluaciones,5,"['4 huéspedes', '1 recámara', '2 camas', '1 baño', '\U000f0004\n1178 evaluaciones', '\U000f0019\nVerificado']",https://www.airbnb.mx/rooms/9670429?location=Whistler&previous_page_section_name=1000
Whistler,·Hotel Room Upper Village Tranquility,Alojamiento entero,"$1,377",Bill,517 evaluaciones,5,"['2 huéspedes', '1 cama', '1 baño', '\U000f0004\n5066 evaluaciones', '\U000f0019\nVerificado']",https://www.airbnb.mx/rooms/7310283?location=Whistler&previous_page_section_name=1000
Whistler,,Traducir,,,,,[],https://www.airbnb.mx/rooms/plus/10273331?location=Whistler&previous_page_section_name=1000
Whistler,ˑEight People Upper Village Tranquility,Condominio completo,"$1,232",Bill,320 evaluaciones,5,"['8 huéspedes', '1 recámara', '4 camas', '2 baños', '\U000f0004\n5066 evaluaciones', '\U000f0019\nVerificado']",https://www.airbnb.mx/rooms/13335461?location=Whistler&previous_page_section_name=1000
Whistler,Newly updated condo at Blackcomb base,Condominio completo,"$1,449",Caroline,122 evaluaciones,4.5,"['4 huéspedes', '1 recámara', '1 cama', '1 baño', '\U000f0004\n247 evaluaciones', '\U000f0019\nVerificado']",https://www.airbnb.mx/rooms/13126268?location=Whistler&previous_page_section_name=1000
Whistler,Symphony Studio in Whistler Village,Departamento entero,"$1,739",Musubi,198 evaluaciones,5,"['4 huéspedes', 'estudio', '2 camas', '1 baño', '\U000f0004\n198 evaluaciones', '\U000f0019\nVerificado']",https://www.airbnb.mx/rooms/18074253?location=Whistler&previous_page_section_name=1000
Whistler,Cozy Whistler Village Studio,Condominio completo,"$1,435",Tim And Andrea,312 evaluaciones,5,"['4 huéspedes', 'estudio', '2 camas', '1 baño', '\U000f0004\n475 evaluaciones', '\U000f0019\nVerificado']",https://www.airbnb.mx/rooms/4269069?location=Whistler&previous_page_section_name=1000
Whistler,Cozy studio on Main Street with hot tub and pool,Condominio completo,"$1,290",Jenny And Roman,212 evaluaciones,5,"['2 huéspedes', 'estudio', '1 cama', '1 baño', '\U000f0004\n547 evaluaciones', '\U000f1101\n1 Recomendación', '\U000f0019\nVerificado']",https://www.airbnb.mx/rooms/17942811?location=Whistler&previous_page_section_name=1000
Whistler,MAIN VILLAGE SQUARE = Super central location!,Departamento entero,"$1,724",Clare And Mike,307 evaluaciones,5,"['4 huéspedes', '1 recámara', '2 camas', '1 baño', '\U000f0004\n562 evaluaciones', '\U000f0019\nVerificado']",https://www.airbnb.mx/rooms/14900711?location=Whistler&previous_page_section_name=1000
Whistler,Whistler Creekside Villa - single nights now open!,Departamento entero,"$1,145",Beth,338 evaluaciones,4.5,"['2 huéspedes', '1 recámara', '1 cama', '1 baño', '\U000f0004\n340 evaluaciones', '\U000f0019\nVerificado']",https://www.airbnb.mx/rooms/1295382?location=Whistler&previous_page_section_name=1000
Whistler,˙Studio Condo Whistler Village 223,Departamento entero,"$1,087",Bill,400 evaluaciones,5,"['2 huéspedes', 'estudio', '1 cama', '1 baño', '\U000f0004\n5066 evaluaciones', '\U000f0019\nVerificado']",https://www.airbnb.mx/rooms/12071124?location=Whistler&previous_page_section_name=1000
Whistler,Studio Condo Upper Village Tranquility,Departamento entero,"$1,159",Bill,478 evaluaciones,5,"['4 huéspedes', 'estudio', '2 camas', '1 baño', '\U000f0004\n5066 evaluaciones', '\U000f0019\nVerificado']",https://www.airbnb.mx/rooms/7309668?location=Whistler&previous_page_section_name=1000
Whistler,1 BR Townhome with Private Hot Tub - FREE PARKING,Casa adosada completa,"$1,666",Ian,313 evaluaciones,4.5,"['4 huéspedes', '1 recámara', '2 camas', '1 baño', '\U000f0004\n771 evaluaciones', '\U000f0019\nVerificado']",https://www.airbnb.mx/rooms/2520507?location=Whistler&previous_page_section_name=1000
Whistler,˙Studio Condo Whistler Village 201,Condominio completo,"$1,159",Bill,144 evaluaciones,5,"['3 huéspedes', 'estudio', '2 camas', '1 baño', '\U000f0004\n5066 evaluaciones', '\U000f0019\nVerificado']",https://www.airbnb.mx/rooms/22196091?location=Whistler&previous_page_section_name=1000
Whistler,˙Studio Condo Whistler Village 207,Departamento entero,"$1,232",Bill,287 evaluaciones,5,"['4 huéspedes', 'estudio', '2 camas', '1 baño', '\U000f0004\n5066 evaluaciones', '\U000f0019\nVerificado']",https://www.airbnb.mx/rooms/16041781?location=Whistler&previous_page_section_name=1000
Whistler,Peak View Penthouse,Loft entero,"$1,869",Jane & James,161 evaluaciones,5,"['4 huéspedes', '1 recámara', '1 cama', '1 baño', '\U000f0004\n161 evaluaciones', '\U000f0019\nVerificado']",https://www.airbnb.mx/rooms/13348663?location=Whistler&previous_page_section_name=1000
Whistler,1 BR Townhouse with Private Hot Tub - FREE PARKING,Casa adosada completa,"$1,840",Ian,319 evaluaciones,4.5,"['5 huéspedes', '1 recámara', '3 camas', '1 baño', '\U000f0004\n771 evaluaciones', '\U000f0019\nVerificado']",https://www.airbnb.mx/rooms/4828768?location=Whistler&previous_page_section_name=1000
Whistler,Modern Mountain Studio in the Village,Departamento con servicios completo,"$1,869",Anya,134 evaluaciones,5,"['2 huéspedes', '1 recámara', '1 cama', '1 baño', '\U000f0004\n248 evaluaciones', '\U000f0019\nVerificado']",https://www.airbnb.mx/rooms/14438965?location=Whistler&previous_page_section_name=1000
Whistler,⛰️ 1 Bdrm Modern Village Penthouse - view!,Departamento con servicios completo,"$2,449",Victoria And Christian,434 evaluaciones,5,"['4 huéspedes', '1 recámara', '2 camas', '1 baño', '\U000f0004\n1178 evaluaciones', '\U000f0019\nVerificado']",https://www.airbnb.mx/rooms/9670429?location=Whistler&previous_page_section_name=1000
Whistler,·Hotel Room Upper Village Tranquility,Alojamiento entero,"$1,377",Bill,517 evaluaciones,5,"['2 huéspedes', '1 cama', '1 baño', '\U000f0004\n5066 evaluaciones', '\U000f0019\nVerificado']",https://www.airbnb.mx/rooms/7310283?location=Whistler&previous_page_section_name=1000
Whistler,,Traducir,,,,,[],https://www.airbnb.mx/rooms/plus/10273331?location=Whistler&previous_page_section_name=1000
Whistler,ˑEight People Upper Village Tranquility,Condominio completo,"$1,232",Bill,320 evaluaciones,5,"['8 huéspedes', '1 recámara', '4 camas', '2 baños', '\U000f0004\n5066 evaluaciones', '\U000f0019\nVerificado']",https://www.airbnb.mx/rooms/13335461?location=Whistler&previous_page_section_name=1000
Whistler,Newly updated condo at Blackcomb base,Condominio completo,"$1,449",Caroline,122 evaluaciones,4.5,"['4 huéspedes', '1 recámara', '1 cama', '1 baño', '\U000f0004\n247 evaluaciones', '\U000f0019\nVerificado']",https://www.airbnb.mx/rooms/13126268?location=Whistler&previous_page_section_name=1000
Whistler,Symphony Studio in Whistler Village,Departamento entero,"$1,739",Musubi,198 evaluaciones,5,"['4 huéspedes', 'estudio', '2 camas', '1 baño', '\U000f0004\n198 evaluaciones', '\U000f0019\nVerificado']",https://www.airbnb.mx/rooms/18074253?location=Whistler&previous_page_section_name=1000
Whistler,Cozy Whistler Village Studio,Condominio completo,"$1,435",Tim And Andrea,312 evaluaciones,5,"['4 huéspedes', 'estudio', '2 camas', '1 baño', '\U000f0004\n475 evaluaciones', '\U000f0019\nVerificado']",https://www.airbnb.mx/rooms/4269069?location=Whistler&previous_page_section_name=1000
Whistler,Cozy studio on Main Street with hot tub and pool,Condominio completo,"$1,290",Jenny And Roman,212 evaluaciones,5,"['2 huéspedes', 'estudio', '1 cama', '1 baño', '\U000f0004\n547 evaluaciones', '\U000f1101\n1 Recomendación', '\U000f0019\nVerificado']",https://www.airbnb.mx/rooms/17942811?location=Whistler&previous_page_section_name=1000
Whistler,MAIN VILLAGE SQUARE = Super central location!,Departamento entero,"$1,724",Clare And Mike,307 evaluaciones,5,"['4 huéspedes', '1 recámara', '2 camas', '1 baño', '\U000f0004\n562 evaluaciones', '\U000f0019\nVerificado']",https://www.airbnb.mx/rooms/14900711?location=Whistler&previous_page_section_name=1000
Whistler,Whistler Creekside Villa - single nights now open!,Departamento entero,"$1,145",Beth,338 evaluaciones,4.5,"['2 huéspedes', '1 recámara', '1 cama', '1 baño', '\U000f0004\n340 evaluaciones', '\U000f0019\nVerificado']",https://www.airbnb.mx/rooms/1295382?location=Whistler&previous_page_section_name=1000
Whistler,˙Studio Condo Whistler Village 223,Departamento entero,"$1,087",Bill,400 evaluaciones,5,"['2 huéspedes', 'estudio', '1 cama', '1 baño', '\U000f0004\n5066 evaluaciones', '\U000f0019\nVerificado']",https://www.airbnb.mx/rooms/12071124?location=Whistler&previous_page_section_name=1000
Whistler,Studio Condo Upper Village Tranquility,Departamento entero,"$1,159",Bill,478 evaluaciones,5,"['4 huéspedes', 'estudio', '2 camas', '1 baño', '\U000f0004\n5066 evaluaciones', '\U000f0019\nVerificado']",https://www.airbnb.mx/rooms/7309668?location=Whistler&previous_page_section_name=1000
Whistler,1 BR Townhome with Private Hot Tub - FREE PARKING,Casa adosada completa,"$1,666",Ian,313 evaluaciones,4.5,"['4 huéspedes', '1 recámara', '2 camas', '1 baño', '\U000f0004\n771 evaluaciones', '\U000f0019\nVerificado']",https://www.airbnb.mx/rooms/2520507?location=Whistler&previous_page_section_name=1000
Whistler,˙Studio Condo Whistler Village 201,Condominio completo,"$1,159",Bill,144 evaluaciones,5,"['3 huéspedes', 'estudio', '2 camas', '1 baño', '\U000f0004\n5066 evaluaciones', '\U000f0019\nVerificado']",https://www.airbnb.mx/rooms/22196091?location=Whistler&previous_page_section_name=1000
Whistler,˙Studio Condo Whistler Village 207,Departamento entero,"$1,232",Bill,287 evaluaciones,5,"['4 huéspedes', 'estudio', '2 camas', '1 baño', '\U000f0004\n5066 evaluaciones', '\U000f0019\nVerificado']",https://www.airbnb.mx/rooms/16041781?location=Whistler&previous_page_section_name=1000
Whistler,Peak View Penthouse,Loft entero,"$1,869",Jane & James,161 evaluaciones,5,"['4 huéspedes', '1 recámara', '1 cama', '1 baño', '\U000f0004\n161 evaluaciones', '\U000f0019\nVerificado']",https://www.airbnb.mx/rooms/13348663?location=Whistler&previous_page_section_name=1000
Whistler,1 BR Townhouse with Private Hot Tub - FREE PARKING,Casa adosada completa,"$1,840",Ian,319 evaluaciones,4.5,"['5 huéspedes', '1 recámara', '3 camas', '1 baño', '\U000f0004\n771 evaluaciones', '\U000f0019\nVerificado']",https://www.airbnb.mx/rooms/4828768?location=Whistler&previous_page_section_name=1000
Whistler,Modern Mountain Studio in the Village,Departamento con servicios completo,"$1,869",Anya,134 evaluaciones,5,"['2 huéspedes', '1 recámara', '1 cama', '1 baño', '\U000f0004\n248 evaluaciones', '\U000f0019\nVerificado']",https://www.airbnb.mx/rooms/14438965?location=Whistler&previous_page_section_name=1000
Whistler,⛰️ 1 Bdrm Modern Village Penthouse - view!,Departamento con servicios completo,"$2,449",Victoria And Christian,434 evaluaciones,5,"['4 huéspedes', '1 recámara', '2 camas', '1 baño', '\U000f0004\n1178 evaluaciones', '\U000f0019\nVerificado']",https://www.airbnb.mx/rooms/9670429?location=Whistler&previous_page_section_name=1000
Whistler,·Hotel Room Upper Village Tranquility,Alojamiento entero,"$1,377",Bill,517 evaluaciones,5,"['2 huéspedes', '1 cama', '1 baño', '\U000f0004\n5066 evaluaciones', '\U000f0019\nVerificado']",https://www.airbnb.mx/rooms/7310283?location=Whistler&previous_page_section_name=1000
Whistler,,Traducir,,,,,[],https://www.airbnb.mx/rooms/plus/10273331?location=Whistler&previous_page_section_name=1000
Whistler,ˑEight People Upper Village Tranquility,Condominio completo,"$1,232",Bill,320 evaluaciones,5,"['8 huéspedes', '1 recámara', '4 camas', '2 baños', '\U000f0004\n5066 evaluaciones', '\U000f0019\nVerificado']",https://www.airbnb.mx/rooms/13335461?location=Whistler&previous_page_section_name=1000
Whistler,Newly updated condo at Blackcomb base,Condominio completo,"$1,449",Caroline,122 evaluaciones,4.5,"['4 huéspedes', '1 recámara', '1 cama', '1 baño', '\U000f0004\n247 evaluaciones', '\U000f0019\nVerificado']",https://www.airbnb.mx/rooms/13126268?location=Whistler&previous_page_section_name=1000
Whistler,Symphony Studio in Whistler Village,Departamento entero,"$1,739",Musubi,198 evaluaciones,5,"['4 huéspedes', 'estudio', '2 camas', '1 baño', '\U000f0004\n198 evaluaciones', '\U000f0019\nVerificado']",https://www.airbnb.mx/rooms/18074253?location=Whistler&previous_page_section_name=1000
Whistler,Cozy Whistler Village Studio,Condominio completo,"$1,435",Tim And Andrea,312 evaluaciones,5,"['4 huéspedes', 'estudio', '2 camas', '1 baño', '\U000f0004\n475 evaluaciones', '\U000f0019\nVerificado']",https://www.airbnb.mx/rooms/4269069?location=Whistler&previous_page_section_name=1000
Whistler,Cozy studio on Main Street with hot tub and pool,Condominio completo,"$1,290",Jenny And Roman,212 evaluaciones,5,"['2 huéspedes', 'estudio', '1 cama', '1 baño', '\U000f0004\n547 evaluaciones', '\U000f1101\n1 Recomendación', '\U000f0019\nVerificado']",https://www.airbnb.mx/rooms/17942811?location=Whistler&previous_page_section_name=1000
Whistler,MAIN VILLAGE SQUARE = Super central location!,Departamento entero,"$1,724",Clare And Mike,307 evaluaciones,5,"['4 huéspedes', '1 recámara', '2 camas', '1 baño', '\U000f0004\n562 evaluaciones', '\U000f0019\nVerificado']",https://www.airbnb.mx/rooms/14900711?location=Whistler&previous_page_section_name=1000
Whistler,Whistler Creekside Villa - single nights now open!,Departamento entero,"$1,145",Beth,338 evaluaciones,4.5,"['2 huéspedes', '1 recámara', '1 cama', '1 baño', '\U000f0004\n340 evaluaciones', '\U000f0019\nVerificado']",https://www.airbnb.mx/rooms/1295382?location=Whistler&previous_page_section_name=1000
Whistler,˙Studio Condo Whistler Village 223,Departamento entero,"$1,087",Bill,400 evaluaciones,5,"['2 huéspedes', 'estudio', '1 cama', '1 baño', '\U000f0004\n5066 evaluaciones', '\U000f0019\nVerificado']",https://www.airbnb.mx/rooms/12071124?location=Whistler&previous_page_section_name=1000
Whistler,Studio Condo Upper Village Tranquility,Departamento entero,"$1,159",Bill,478 evaluaciones,5,"['4 huéspedes', 'estudio', '2 camas', '1 baño', '\U000f0004\n5066 evaluaciones', '\U000f0019\nVerificado']",https://www.airbnb.mx/rooms/7309668?location=Whistler&previous_page_section_name=1000
Whistler,1 BR Townhome with Private Hot Tub - FREE PARKING,Casa adosada completa,"$1,666",Ian,313 evaluaciones,4.5,"['4 huéspedes', '1 recámara', '2 camas', '1 baño', '\U000f0004\n771 evaluaciones', '\U000f0019\nVerificado']",https://www.airbnb.mx/rooms/2520507?location=Whistler&previous_page_section_name=1000
Whistler,˙Studio Condo Whistler Village 201,Condominio completo,"$1,159",Bill,144 evaluaciones,5,"['3 huéspedes', 'estudio', '2 camas', '1 baño', '\U000f0004\n5066 evaluaciones', '\U000f0019\nVerificado']",https://www.airbnb.mx/rooms/22196091?location=Whistler&previous_page_section_name=1000
Whistler,˙Studio Condo Whistler Village 207,Departamento entero,"$1,232",Bill,287 evaluaciones,5,"['4 huéspedes', 'estudio', '2 camas', '1 baño', '\U000f0004\n5066 evaluaciones', '\U000f0019\nVerificado']",https://www.airbnb.mx/rooms/16041781?location=Whistler&previous_page_section_name=1000
Whistler,Peak View Penthouse,Loft entero,"$1,869",Jane & James,161 evaluaciones,5,"['4 huéspedes', '1 recámara', '1 cama', '1 baño', '\U000f0004\n161 evaluaciones', '\U000f0019\nVerificado']",https://www.airbnb.mx/rooms/13348663?location=Whistler&previous_page_section_name=1000
Whistler,1 BR Townhouse with Private Hot Tub - FREE PARKING,Casa adosada completa,"$1,840",Ian,319 evaluaciones,4.5,"['5 huéspedes', '1 recámara', '3 camas', '1 baño', '\U000f0004\n771 evaluaciones', '\U000f0019\nVerificado']",https://www.airbnb.mx/rooms/4828768?location=Whistler&previous_page_section_name=1000
Whistler,Modern Mountain Studio in the Village,Departamento con servicios completo,"$1,869",Anya,134 evaluaciones,5,"['2 huéspedes', '1 recámara', '1 cama', '1 baño', '\U000f0004\n248 evaluaciones', '\U000f0019\nVerificado']",https://www.airbnb.mx/rooms/14438965?location=Whistler&previous_page_section_name=1000
Whistler,⛰️ 1 Bdrm Modern Village Penthouse - view!,Departamento con servicios completo,"$2,449",Victoria And Christian,434 evaluaciones,5,"['4 huéspedes', '1 recámara', '2 camas', '1 baño', '\U000f0004\n1178 evaluaciones', '\U000f0019\nVerificado']",https://www.airbnb.mx/rooms/9670429?location=Whistler&previous_page_section_name=1000
Whistler,·Hotel Room Upper Village Tranquility,Alojamiento entero,"$1,377",Bill,517 evaluaciones,5,"['2 huéspedes', '1 cama', '1 baño', '\U000f0004\n5066 evaluaciones', '\U000f0019\nVerificado']",https://www.airbnb.mx/rooms/7310283?location=Whistler&previous_page_section_name=1000
Whistler,,Traducir,,,,,[],https://www.airbnb.mx/rooms/plus/10273331?location=Whistler&previous_page_section_name=1000
Whistler,ˑEight People Upper Village Tranquility,Condominio completo,"$1,232",Bill,320 evaluaciones,5,"['8 huéspedes', '1 recámara', '4 camas', '2 baños', '\U000f0004\n5066 evaluaciones', '\U000f0019\nVerificado']",https://www.airbnb.mx/rooms/13335461?location=Whistler&previous_page_section_name=1000
